{
  "$schema": "https://raw.githubusercontent.com/spdx/spdx-spec/v2.2.1/schemas/spdx-schema.json",
  "spdxVersion": "SPDX-2.2",
  "dataLicense": "CC0-1.0",
  "SPDXID": "SPDXRef-DOCUMENT",
  "documentNamespace": "https://spdx.org/spdxdocs/dirent-wasm32-emscripten-1.25-95fbf1a6-b09f-4ee0-8da1-bd28b6f3aaf9",
  "name": "dirent:wasm32-emscripten@1.25 7a47e366f1cf27ad16d58c8b935de1c24fefc641efb84195b1e811fe8bbb66a7",
  "creationInfo": {
    "creators": [
      "Tool: vcpkg-2025-04-16-f9b6c6917b23c1ccf16c1a9f015ebabf8f615045"
    ],
    "created": "2025-05-05T15:30:33Z"
  },
  "relationships": [
    {
      "spdxElementId": "SPDXRef-port",
      "relationshipType": "GENERATES",
      "relatedSpdxElement": "SPDXRef-binary"
    },
    {
      "spdxElementId": "SPDXRef-port",
      "relationshipType": "CONTAINS",
      "relatedSpdxElement": "SPDXRef-file-0"
    },
    {
      "spdxElementId": "SPDXRef-port",
      "relationshipType": "CONTAINS",
      "relatedSpdxElement": "SPDXRef-file-1"
    },
    {
      "spdxElementId": "SPDXRef-binary",
      "relationshipType": "GENERATED_FROM",
      "relatedSpdxElement": "SPDXRef-port"
    },
    {
      "spdxElementId": "SPDXRef-file-0",
      "relationshipType": "CONTAINED_BY",
      "relatedSpdxElement": "SPDXRef-port"
    },
    {
      "spdxElementId": "SPDXRef-file-1",
      "relationshipType": "CONTAINED_BY",
      "relatedSpdxElement": "SPDXRef-port"
    },
    {
      "spdxElementId": "SPDXRef-file-1",
      "relationshipType": "DEPENDENCY_MANIFEST_OF",
      "relatedSpdxElement": "SPDXRef-port"
    }
  ],
  "packages": [
    {
      "name": "dirent",
      "SPDXID": "SPDXRef-port",
      "versionInfo": "1.25",
      "downloadLocation": "git+https://github.com/Microsoft/vcpkg#ports/dirent",
      "homepage": "https://github.com/tronkko/dirent",
      "licenseConcluded": "MIT",
      "licenseDeclared": "NOASSERTION",
      "copyrightText": "NOASSERTION",
      "description": "Dirent is a C/C++ programming interface that allows programmers to retrieve information about files and directories under Linux/UNIX. This project provides Linux compatible Dirent interface for Microsoft Windows.",
      "comment": "This is the port (recipe) consumed by vcpkg."
    },
    {
      "name": "dirent:wasm32-emscripten",
      "SPDXID": "SPDXRef-binary",
      "versionInfo": "7a47e366f1cf27ad16d58c8b935de1c24fefc641efb84195b1e811fe8bbb66a7",
      "downloadLocation": "NONE",
      "licenseConcluded": "MIT",
      "licenseDeclared": "NOASSERTION",
      "copyrightText": "NOASSERTION",
      "comment": "This is a binary package built by vcpkg."
    },
    {
      "SPDXID": "SPDXRef-resource-0",
      "name": "tronkko/dirent",
      "downloadLocation": "git+https://github.com/tronkko/dirent@1.25",
      "licenseConcluded": "NOASSERTION",
      "licenseDeclared": "NOASSERTION",
      "copyrightText": "NOASSERTION",
      "checksums": [
        {
          "algorithm": "SHA512",
          "checksumValue": "5d524160125577121d5906b05da65c5d8dfa2c48291e8ce5b4890e246e9e43322a26985f27096c9c49d4daf422da388007af352e636d2350a95f523cbb4fe37d"
        }
      ]
    }
  ],
  "files": [
    {
      "fileName": "./portfile.cmake",
      "SPDXID": "SPDXRef-file-0",
      "checksums": [
        {
          "algorithm": "SHA256",
          "checksumValue": "cfd36f44d1cc2f591d3efa4ecdd22192f3847b3d7d32efdc0634afe6b9f480ff"
        }
      ],
      "licenseConcluded": "NOASSERTION",
      "copyrightText": "NOASSERTION"
    },
    {
      "fileName": "./vcpkg.json",
      "SPDXID": "SPDXRef-file-1",
      "checksums": [
        {
          "algorithm": "SHA256",
          "checksumValue": "088370d415f659b54d6b75c1f7e0c3e548c5fa85fc8c4637b3c0ca49708ffba5"
        }
      ],
      "licenseConcluded": "NOASSERTION",
      "copyrightText": "NOASSERTION"
    }
  ]
}
