{
  "$schema": "https://raw.githubusercontent.com/spdx/spdx-spec/v2.2.1/schemas/spdx-schema.json",
  "spdxVersion": "SPDX-2.2",
  "dataLicense": "CC0-1.0",
  "SPDXID": "SPDXRef-DOCUMENT",
  "documentNamespace": "https://spdx.org/spdxdocs/nanosvg-wasm32-emscripten-2023-12-29-188ae79e-736a-442f-b7fc-9e57c2d506e5",
  "name": "nanosvg:wasm32-emscripten@2023-12-29 f69161ed369603bb43d32cf8caf8d76c7cb2ee3d74c1b539b251d53f7293d0bf",
  "creationInfo": {
    "creators": [
      "Tool: vcpkg-2025-04-16-f9b6c6917b23c1ccf16c1a9f015ebabf8f615045"
    ],
    "created": "2025-05-05T15:30:32Z"
  },
  "relationships": [
    {
      "spdxElementId": "SPDXRef-port",
      "relationshipType": "GENERATES",
      "relatedSpdxElement": "SPDXRef-binary"
    },
    {
      "spdxElementId": "SPDXRef-port",
      "relationshipType": "CONTAINS",
      "relatedSpdxElement": "SPDXRef-file-0"
    },
    {
      "spdxElementId": "SPDXRef-port",
      "relationshipType": "CONTAINS",
      "relatedSpdxElement": "SPDXRef-file-1"
    },
    {
      "spdxElementId": "SPDXRef-port",
      "relationshipType": "CONTAINS",
      "relatedSpdxElement": "SPDXRef-file-2"
    },
    {
      "spdxElementId": "SPDXRef-binary",
      "relationshipType": "GENERATED_FROM",
      "relatedSpdxElement": "SPDXRef-port"
    },
    {
      "spdxElementId": "SPDXRef-file-0",
      "relationshipType": "CONTAINED_BY",
      "relatedSpdxElement": "SPDXRef-port"
    },
    {
      "spdxElementId": "SPDXRef-file-1",
      "relationshipType": "CONTAINED_BY",
      "relatedSpdxElement": "SPDXRef-port"
    },
    {
      "spdxElementId": "SPDXRef-file-2",
      "relationshipType": "CONTAINED_BY",
      "relatedSpdxElement": "SPDXRef-port"
    },
    {
      "spdxElementId": "SPDXRef-file-2",
      "relationshipType": "DEPENDENCY_MANIFEST_OF",
      "relatedSpdxElement": "SPDXRef-port"
    }
  ],
  "packages": [
    {
      "name": "nanosvg",
      "SPDXID": "SPDXRef-port",
      "versionInfo": "2023-12-29",
      "downloadLocation": "git+https://github.com/Microsoft/vcpkg#ports/nanosvg",
      "homepage": "https://github.com/memononen/nanosvg",
      "licenseConcluded": "Zlib",
      "licenseDeclared": "NOASSERTION",
      "copyrightText": "NOASSERTION",
      "description": "NanoSVG is a simple stupid single-header-file SVG parser. It is accompanied by a simple SVG rasterizer.",
      "comment": "This is the port (recipe) consumed by vcpkg."
    },
    {
      "name": "nanosvg:wasm32-emscripten",
      "SPDXID": "SPDXRef-binary",
      "versionInfo": "f69161ed369603bb43d32cf8caf8d76c7cb2ee3d74c1b539b251d53f7293d0bf",
      "downloadLocation": "NONE",
      "licenseConcluded": "Zlib",
      "licenseDeclared": "NOASSERTION",
      "copyrightText": "NOASSERTION",
      "comment": "This is a binary package built by vcpkg."
    },
    {
      "SPDXID": "SPDXRef-resource-0",
      "name": "memononen/nanosvg",
      "downloadLocation": "git+https://github.com/memononen/nanosvg@93ce879dc4c04a3ef1758428ec80083c38610b1f",
      "licenseConcluded": "NOASSERTION",
      "licenseDeclared": "NOASSERTION",
      "copyrightText": "NOASSERTION",
      "checksums": [
        {
          "algorithm": "SHA512",
          "checksumValue": "14ecaf11efd2f0b983847ded557557a2919cc04fc5e9748118cc0bd33fccae2688afc0dc182ebb8c0deb4b599c697f140185644a087c702fba1e6368f5a5b89c"
        }
      ]
    }
  ],
  "files": [
    {
      "fileName": "./fltk.patch",
      "SPDXID": "SPDXRef-file-0",
      "checksums": [
        {
          "algorithm": "SHA256",
          "checksumValue": "f6f95ba5d58ade73e8550befff1d2cba737034f5350310f26a69016c1bf706c5"
        }
      ],
      "licenseConcluded": "NOASSERTION",
      "copyrightText": "NOASSERTION"
    },
    {
      "fileName": "./portfile.cmake",
      "SPDXID": "SPDXRef-file-1",
      "checksums": [
        {
          "algorithm": "SHA256",
          "checksumValue": "bd850643564dd8564bd0a72b822370adc2e0e46458ef3dc9733325f026cdf10f"
        }
      ],
      "licenseConcluded": "NOASSERTION",
      "copyrightText": "NOASSERTION"
    },
    {
      "fileName": "./vcpkg.json",
      "SPDXID": "SPDXRef-file-2",
      "checksums": [
        {
          "algorithm": "SHA256",
          "checksumValue": "606052877471dc628898265df14541f1045d31df8714c57c9987730890b43741"
        }
      ],
      "licenseConcluded": "NOASSERTION",
      "copyrightText": "NOASSERTION"
    }
  ]
}
