{
  "$schema": "https://raw.githubusercontent.com/spdx/spdx-spec/v2.2.1/schemas/spdx-schema.json",
  "spdxVersion": "SPDX-2.2",
  "dataLicense": "CC0-1.0",
  "SPDXID": "SPDXRef-DOCUMENT",
  "documentNamespace": "https://spdx.org/spdxdocs/qoi-wasm32-emscripten-2023-08-10-43504e5c-1bad-4076-91ef-879b29e0876b",
  "name": "qoi:wasm32-emscripten@2023-08-10 08b9a4ce0f25cf575f59df248cbef1f1bb042a0c0326efee037a2ab3210948b8",
  "creationInfo": {
    "creators": [
      "Tool: vcpkg-2025-04-16-f9b6c6917b23c1ccf16c1a9f015ebabf8f615045"
    ],
    "created": "2025-05-05T15:30:28Z"
  },
  "relationships": [
    {
      "spdxElementId": "SPDXRef-port",
      "relationshipType": "GENERATES",
      "relatedSpdxElement": "SPDXRef-binary"
    },
    {
      "spdxElementId": "SPDXRef-port",
      "relationshipType": "CONTAINS",
      "relatedSpdxElement": "SPDXRef-file-0"
    },
    {
      "spdxElementId": "SPDXRef-port",
      "relationshipType": "CONTAINS",
      "relatedSpdxElement": "SPDXRef-file-1"
    },
    {
      "spdxElementId": "SPDXRef-binary",
      "relationshipType": "GENERATED_FROM",
      "relatedSpdxElement": "SPDXRef-port"
    },
    {
      "spdxElementId": "SPDXRef-file-0",
      "relationshipType": "CONTAINED_BY",
      "relatedSpdxElement": "SPDXRef-port"
    },
    {
      "spdxElementId": "SPDXRef-file-1",
      "relationshipType": "CONTAINED_BY",
      "relatedSpdxElement": "SPDXRef-port"
    },
    {
      "spdxElementId": "SPDXRef-file-1",
      "relationshipType": "DEPENDENCY_MANIFEST_OF",
      "relatedSpdxElement": "SPDXRef-port"
    }
  ],
  "packages": [
    {
      "name": "qoi",
      "SPDXID": "SPDXRef-port",
      "versionInfo": "2023-08-10",
      "downloadLocation": "git+https://github.com/Microsoft/vcpkg#ports/qoi",
      "homepage": "https://qoiformat.org/",
      "licenseConcluded": "MIT",
      "licenseDeclared": "NOASSERTION",
      "copyrightText": "NOASSERTION",
      "description": "The Quite OK Image Format for fast, lossless image compression",
      "comment": "This is the port (recipe) consumed by vcpkg."
    },
    {
      "name": "qoi:wasm32-emscripten",
      "SPDXID": "SPDXRef-binary",
      "versionInfo": "08b9a4ce0f25cf575f59df248cbef1f1bb042a0c0326efee037a2ab3210948b8",
      "downloadLocation": "NONE",
      "licenseConcluded": "MIT",
      "licenseDeclared": "NOASSERTION",
      "copyrightText": "NOASSERTION",
      "comment": "This is a binary package built by vcpkg."
    },
    {
      "SPDXID": "SPDXRef-resource-0",
      "name": "phoboslab/qoi",
      "downloadLocation": "git+https://github.com/phoboslab/qoi@19b3b4087b66963a3699ee45f05ec9ef205d7c0e",
      "licenseConcluded": "NOASSERTION",
      "licenseDeclared": "NOASSERTION",
      "copyrightText": "NOASSERTION",
      "checksums": [
        {
          "algorithm": "SHA512",
          "checksumValue": "8131031ba4b3b3c50838eb83db44bed0bf2e3fc820f18a9e48202801aebef4179f9b465354487070d7bc1feea79461abe581eecde00d61a21e27fe2b8a52699f"
        }
      ]
    }
  ],
  "files": [
    {
      "fileName": "./portfile.cmake",
      "SPDXID": "SPDXRef-file-0",
      "checksums": [
        {
          "algorithm": "SHA256",
          "checksumValue": "11f6193dc3d22aa89b9573ee6a831facfec4b18e210db8ec1e1ef14a27b13e60"
        }
      ],
      "licenseConcluded": "NOASSERTION",
      "copyrightText": "NOASSERTION"
    },
    {
      "fileName": "./vcpkg.json",
      "SPDXID": "SPDXRef-file-1",
      "checksums": [
        {
          "algorithm": "SHA256",
          "checksumValue": "d2315827438e58265740d9568ee690d9d621cbc61ef6a922f74948455ab450ef"
        }
      ],
      "licenseConcluded": "NOASSERTION",
      "copyrightText": "NOASSERTION"
    }
  ]
}
