{
  "C:/Informatique/emsdk/upstream/emscripten/em++.bat" : 
  {
    "hash" : "6856dd865fabf664d332c9c15718640beaf88391",
    "size" : 3500,
    "timestamp" : 1710508564
  },
  "C:/Informatique/emsdk/upstream/emscripten/emcc.bat" : 
  {
    "hash" : "6856dd865fabf664d332c9c15718640beaf88391",
    "size" : 3500,
    "timestamp" : 1710508564
  },
  "C:/Program Files/Microsoft Visual Studio/2022/Community/VC/Tools/MSVC/14.42.34433/bin/Hostx64/x64/cl.exe" : 
  {
    "hash" : "b01af57130a2e35dc1aeb47c718e51ed3bb2d6e2",
    "size" : 862792,
    "timestamp" : 1734447662
  }
}