{
  "$schema": "https://raw.githubusercontent.com/spdx/spdx-spec/v2.2.1/schemas/spdx-schema.json",
  "spdxVersion": "SPDX-2.2",
  "dataLicense": "CC0-1.0",
  "SPDXID": "SPDXRef-DOCUMENT",
  "documentNamespace": "https://spdx.org/spdxdocs/cgltf-wasm32-emscripten-1.14-46b52c0a-3177-4a93-9a01-1f560668439a",
  "name": "cgltf:wasm32-emscripten@1.14 b9523e09eac1c4e215b92ba475035d59a7f8084c6fc755d1f9b9792fc1445390",
  "creationInfo": {
    "creators": [
      "Tool: vcpkg-2025-04-16-f9b6c6917b23c1ccf16c1a9f015ebabf8f615045"
    ],
    "created": "2025-05-05T15:30:33Z"
  },
  "relationships": [
    {
      "spdxElementId": "SPDXRef-port",
      "relationshipType": "GENERATES",
      "relatedSpdxElement": "SPDXRef-binary"
    },
    {
      "spdxElementId": "SPDXRef-port",
      "relationshipType": "CONTAINS",
      "relatedSpdxElement": "SPDXRef-file-0"
    },
    {
      "spdxElementId": "SPDXRef-port",
      "relationshipType": "CONTAINS",
      "relatedSpdxElement": "SPDXRef-file-1"
    },
    {
      "spdxElementId": "SPDXRef-binary",
      "relationshipType": "GENERATED_FROM",
      "relatedSpdxElement": "SPDXRef-port"
    },
    {
      "spdxElementId": "SPDXRef-file-0",
      "relationshipType": "CONTAINED_BY",
      "relatedSpdxElement": "SPDXRef-port"
    },
    {
      "spdxElementId": "SPDXRef-file-1",
      "relationshipType": "CONTAINED_BY",
      "relatedSpdxElement": "SPDXRef-port"
    },
    {
      "spdxElementId": "SPDXRef-file-1",
      "relationshipType": "DEPENDENCY_MANIFEST_OF",
      "relatedSpdxElement": "SPDXRef-port"
    }
  ],
  "packages": [
    {
      "name": "cgltf",
      "SPDXID": "SPDXRef-port",
      "versionInfo": "1.14",
      "downloadLocation": "git+https://github.com/Microsoft/vcpkg#ports/cgltf",
      "homepage": "https://github.com/jkuhlmann/cgltf",
      "licenseConcluded": "MIT",
      "licenseDeclared": "NOASSERTION",
      "copyrightText": "NOASSERTION",
      "description": "Single-file glTF 2.0 loader and writer written in C99",
      "comment": "This is the port (recipe) consumed by vcpkg."
    },
    {
      "name": "cgltf:wasm32-emscripten",
      "SPDXID": "SPDXRef-binary",
      "versionInfo": "b9523e09eac1c4e215b92ba475035d59a7f8084c6fc755d1f9b9792fc1445390",
      "downloadLocation": "NONE",
      "licenseConcluded": "MIT",
      "licenseDeclared": "NOASSERTION",
      "copyrightText": "NOASSERTION",
      "comment": "This is a binary package built by vcpkg."
    },
    {
      "SPDXID": "SPDXRef-resource-0",
      "name": "jkuhlmann/cgltf",
      "downloadLocation": "git+https://github.com/jkuhlmann/cgltf@v1.14",
      "licenseConcluded": "NOASSERTION",
      "licenseDeclared": "NOASSERTION",
      "copyrightText": "NOASSERTION",
      "checksums": [
        {
          "algorithm": "SHA512",
          "checksumValue": "1f0e7dca353f1fca94f5936519895d59d4d2a3a1204545bf5420ff130c1d168158be4749010b2016c127ac9216929892f093ca10b5753fa622bea629aa3f194a"
        }
      ]
    }
  ],
  "files": [
    {
      "fileName": "./portfile.cmake",
      "SPDXID": "SPDXRef-file-0",
      "checksums": [
        {
          "algorithm": "SHA256",
          "checksumValue": "43608ccf64fd9740d44e4dd59af18315ca7aa1bc8839291bfd5c28a7f12e338b"
        }
      ],
      "licenseConcluded": "NOASSERTION",
      "copyrightText": "NOASSERTION"
    },
    {
      "fileName": "./vcpkg.json",
      "SPDXID": "SPDXRef-file-1",
      "checksums": [
        {
          "algorithm": "SHA256",
          "checksumValue": "75245c98366143eb8966162d4eb573640fbf866e36e1de7333c5966e3c7d9206"
        }
      ],
      "licenseConcluded": "NOASSERTION",
      "copyrightText": "NOASSERTION"
    }
  ]
}
