{
  "$schema": "https://raw.githubusercontent.com/spdx/spdx-spec/v2.2.1/schemas/spdx-schema.json",
  "spdxVersion": "SPDX-2.2",
  "dataLicense": "CC0-1.0",
  "SPDXID": "SPDXRef-DOCUMENT",
  "documentNamespace": "https://spdx.org/spdxdocs/drlibs-wasm32-emscripten-2023-08-16-eded6fd2-7bfd-4a71-8585-081e2d42de2a",
  "name": "drlibs:wasm32-emscripten@2023-08-16 4c11d9c4dc1b27610f6a50c6075054558823b6e9adc2810c968550da999cadfb",
  "creationInfo": {
    "creators": [
      "Tool: vcpkg-2025-04-16-f9b6c6917b23c1ccf16c1a9f015ebabf8f615045"
    ],
    "created": "2025-05-05T15:30:33Z"
  },
  "relationships": [
    {
      "spdxElementId": "SPDXRef-port",
      "relationshipType": "GENERATES",
      "relatedSpdxElement": "SPDXRef-binary"
    },
    {
      "spdxElementId": "SPDXRef-port",
      "relationshipType": "CONTAINS",
      "relatedSpdxElement": "SPDXRef-file-0"
    },
    {
      "spdxElementId": "SPDXRef-port",
      "relationshipType": "CONTAINS",
      "relatedSpdxElement": "SPDXRef-file-1"
    },
    {
      "spdxElementId": "SPDXRef-binary",
      "relationshipType": "GENERATED_FROM",
      "relatedSpdxElement": "SPDXRef-port"
    },
    {
      "spdxElementId": "SPDXRef-file-0",
      "relationshipType": "CONTAINED_BY",
      "relatedSpdxElement": "SPDXRef-port"
    },
    {
      "spdxElementId": "SPDXRef-file-1",
      "relationshipType": "CONTAINED_BY",
      "relatedSpdxElement": "SPDXRef-port"
    },
    {
      "spdxElementId": "SPDXRef-file-1",
      "relationshipType": "DEPENDENCY_MANIFEST_OF",
      "relatedSpdxElement": "SPDXRef-port"
    }
  ],
  "packages": [
    {
      "name": "drlibs",
      "SPDXID": "SPDXRef-port",
      "versionInfo": "2023-08-16",
      "downloadLocation": "git+https://github.com/Microsoft/vcpkg#ports/drlibs",
      "homepage": "https://github.com/mackron/dr_libs",
      "licenseConcluded": "Unlicense OR MIT-0",
      "licenseDeclared": "NOASSERTION",
      "copyrightText": "NOASSERTION",
      "description": "Single-file audio decoding libraries for C/C++",
      "comment": "This is the port (recipe) consumed by vcpkg."
    },
    {
      "name": "drlibs:wasm32-emscripten",
      "SPDXID": "SPDXRef-binary",
      "versionInfo": "4c11d9c4dc1b27610f6a50c6075054558823b6e9adc2810c968550da999cadfb",
      "downloadLocation": "NONE",
      "licenseConcluded": "Unlicense OR MIT-0",
      "licenseDeclared": "NOASSERTION",
      "copyrightText": "NOASSERTION",
      "comment": "This is a binary package built by vcpkg."
    },
    {
      "SPDXID": "SPDXRef-resource-0",
      "name": "mackron/dr_libs",
      "downloadLocation": "git+https://github.com/mackron/dr_libs@d35a3bc5efd02455d98cbe12b94647136f09b42d",
      "licenseConcluded": "NOASSERTION",
      "licenseDeclared": "NOASSERTION",
      "copyrightText": "NOASSERTION",
      "checksums": [
        {
          "algorithm": "SHA512",
          "checksumValue": "34126c8eb65f0735b77f058db9f1618b3c4e820698804b47f7a629c47df571e9cbbeefd4cce193409ebd715d37ed5faf1c3c27a7240e0f5418089cffe853f1ea"
        }
      ]
    }
  ],
  "files": [
    {
      "fileName": "./portfile.cmake",
      "SPDXID": "SPDXRef-file-0",
      "checksums": [
        {
          "algorithm": "SHA256",
          "checksumValue": "410c4939118fe34c62477d42f9f137636672d9339c34667223efb039ee250c2a"
        }
      ],
      "licenseConcluded": "NOASSERTION",
      "copyrightText": "NOASSERTION"
    },
    {
      "fileName": "./vcpkg.json",
      "SPDXID": "SPDXRef-file-1",
      "checksums": [
        {
          "algorithm": "SHA256",
          "checksumValue": "4accb4a426d84cc26bb277751273d6fccfd7a299ecae76f82622e96b1358f7f4"
        }
      ],
      "licenseConcluded": "NOASSERTION",
      "copyrightText": "NOASSERTION"
    }
  ]
}
